epoch,time,train/box_loss,train/cls_loss,train/dfl_loss,metrics/precision(B),metrics/recall(B),metrics/mAP50(B),metrics/mAP50-95(B),val/box_loss,val/cls_loss,val/dfl_loss,lr/pg0,lr/pg1,lr/pg2
1,286.193,1.12639,1.7291,1.53921,0.99745,1,0.995,0.81572,0.7178,1.74812,1.26735,0.00066,0.00066,0.00066
2,566.135,0.92433,1.17752,1.33442,0.99822,1,0.995,0.8542,0.59185,1.2688,1.15798,0.0013004,0.0013004,0.0013004
